{"k90_ms": 18.27259295630523, "k99_ms": 27.428337420073703, "ripple": 0.0, "peak": 0.670082435782503, "steps": 52.29272300207232, "pass": true}