{"k90_ms": 21.626962707348124, "k99_ms": 26.52347923552815, "ripple": 0.3911006683803465, "peak": 0.7888602012586537, "steps": 47.22617025117035, "pass": true}