{"k90_ms": 61.96971648544186, "k99_ms": 92.06563230401056, "ripple": 3.5898905701404846, "peak": 0.5858945230180257, "steps": 218.83048143908493, "pass": false}
