{
  "N": 150,
  "beta": 5.5365096879444415,
  "dt": 0.0005982092703856438,
  "gaussian_stimulus_width": 8,
  "h": -0.5702787992793954,
  "intensity_scale_factor": 9.417690331113647,
  "sigma_exc": 2.442845966101117,
  "sigma_inh": 9.654959374492968,
  "tau": 0.019135426458568677,
  "theta": 0.03921475712542146,
  "w_exc": 1.8272635578597742,
  "w_inh": 0.38250852070493463
}